Workbook

Sheet Customers
A1: CustomerID | B1: CustomerName | C1: Tier
A2: 1 | B2: Apex Manufacturing Co | C2: Gold
A3: 2 | B3: Blue Ridge Industrial | C3: Gold
A4: 3 | B4: Summit Logistics Group | C4: Gold
A5: 4 | B5: Northgate Equipment | C5: Gold
A6: 5 | B6: Riverside Hardware Ltd | C6: Silver
A7: 6 | B7: Coastal Supply Partners | C7: Silver
A8: 7 | B8: Midwest Fabricators | C8: Silver
A9: 8 | B9: Daybreak Tools Inc | C9: Bronze
A10: 9 | B10: Garrison Components | C10: Bronze
A11: 10 | B11: Trailhead Equipment Co | C11: Bronze

Sheet Products
A1: ProductID | B1: ProductName | C1: ListPrice | D1: Cost
A2: 101 | B2: Hydraulic Pump Unit | C2: 1200 | D2: 720
A3: 102 | B3: Industrial Valve Assembly | C3: 450 | D3: 270
A4: 103 | B4: Steel Bearing Set | C4: 85 | D4: 48
A5: 104 | B5: Conveyor Belt Motor | C5: 980 | D5: 610
A6: 105 | B6: Pressure Sensor Module | C6: 210 | D6: 115
A7: 106 | B7: Safety Relay Switch | C7: 65 | D7: 34
A8: 107 | B8: Heavy-Duty Gearbox | C8: 1550 | D8: 990
A9: 108 | B9: Control Panel Enclosure | C9: 320 | D9: 175
A10: 109 | B10: Pneumatic Cylinder | C10: 275 | D10: 150
A11: 110 | B11: Lubrication Dispenser Kit | C11: 140 | D11: 78

Sheet PricingRules
A1: RuleID | B1: Tier | C1: MinQty | D1: MaxQty | E1: DiscountPercent | F1: Lookupkey
A2: 1 | B2: Gold | C2: 1 | D2: 9 | E2: 5 | F2: =B2&"-"&C2&"-"&D2 -> Gold-1-9
A3: 2 | B3: Gold | C3: 10 | D3: 49 | E3: 15 | F3: =B3&"-"&C3&"-"&D3 -> Gold-10-49
A4: 3 | B4: Gold | C4: 50 | D4: 9999 | E4: 25 | F4: =B4&"-"&C4&"-"&D4 -> Gold-50-9999
A5: 4 | B5: Silver | C5: 1 | D5: 9 | E5: 0 | F5: =B5&"-"&C5&"-"&D5 -> Silver-1-9
A6: 5 | B6: Silver | C6: 10 | D6: 49 | E6: 10 | F6: =B6&"-"&C6&"-"&D6 -> Silver-10-49
A7: 6 | B7: Silver | C7: 50 | D7: 9999 | E7: 18 | F7: =B7&"-"&C7&"-"&D7 -> Silver-50-9999
A8: 7 | B8: Bronze | C8: 1 | D8: 9 | E8: 0 | F8: =B8&"-"&C8&"-"&D8 -> Bronze-1-9
A9: 8 | B9: Bronze | C9: 10 | D9: 49 | E9: 5 | F9: =B9&"-"&C9&"-"&D9 -> Bronze-10-49
A10: 9 | B10: Bronze | C10: 50 | D10: 9999 | E10: 10 | F10: =B10&"-"&C10&"-"&D10 -> Bronze-50-9999

Sheet Orders
A1: OrderID | B1: CustomerID | C1: OrderDate
A2: 1001 | B2: 1 | C2: 46027
A3: 1002 | B3: 2 | C3: 46030
A4: 1003 | B4: 5 | C4: 46032
A5: 1004 | B5: 8 | C5: 46034
A6: 1005 | B6: 1 | C6: 46037
A7: 1006 | B7: 6 | C7: 46040
A8: 1007 | B8: 9 | C8: 46042
A9: 1008 | B9: 3 | C9: 46044
A10: 1009 | B10: 7 | C10: 46047
A11: 1010 | B11: 10 | C11: 46050
A12: 1011 | B12: 4 | C12: 46055
A13: 1012 | B13: 2 | C13: 46058
... A16: 1015 | B16: 3 | C16: 46067

Sheet OrderLines
A1: OrderID | B1: ProductID | C1: Quantity
A2: 1001 | B2: 101 | C2: 5
A3: 1002 | B3: 102 | C3: 20
A4: 1003 | B4: 103 | C4: 7
A5: 1004 | B5: 104 | C5: 15
A6: 1005 | B6: 105 | C6: 10
A7: 1006 | B7: 106 | C7: 49
A8: 1007 | B8: 107 | C8: 30
A9: 1008 | B9: 101 | C9: 60
A10: 1009 | B10: 104 | C10: 55
A11: 1010 | B11: 108 | C11: 3
A12: 1011 | B12: 101 | C12: 4
A13: 1011 | B13: 102 | C13: 25
... A20: 1015 | B20: 108 | C20: 6

Sheet Calculations
A1: OrderID | B1: ProductID | C1: Quantity | D1: CustomerID | E1: CustomerName | F1: Tier | G1: ProductName | H1: ListPrice | I1: Cost | J1: DiscountPercent | K1: NetPrice | L1: Margin | M1: ApprovalFlag | N1: LookupKey
A2: 1001 | B2: 101 | C2: 5 | D2: =_xlfn.XLOOKUP(A2,Orders!$A$2:$A$16,Orders!$B$2:$B$16) -> 1 | E2: =_xlfn.XLOOKUP(D2,Customers!$A$2:$A$11,Customers!$B$2:$B$11,,0) -> Apex Manufacturing Co | F2: =_xlfn.XLOOKUP(D2,Customers!$A$2:$A$11,Customers!$C$2:$C$11) -> Gold | G2: =_xlfn.XLOOKUP(B2,Products!$A$2:$A$11,Products!$B$2:$B$11) -> Hydraulic Pump Unit | H2: =_xlfn.XLOOKUP(B2,Products!$A$2:$A$11,Products!$C$2:$C$11) -> 1200 | I2: =_xlfn.XLOOKUP(B2,Products!$A$2:$A$11,Products!$D$2:$D$11) -> 720 | J2: =_xlfn.XLOOKUP(N2,PricingRules!$F$2:$F$10,PricingRules!$E$2:$E$10) -> 5 | K2: =_xlfn.XLOOKUP(B2,Products!$A$2:$A$11,Products!$C$2:$C$11) -> 1200 | L2: =_xlfn.XLOOKUP(B2,Products!$A$2:$A$11,Products!$D$2:$D$11) -> 720 | M2: =IF(J2>20,"Need-Approval","Auto-Approved") -> Auto-Approved | N2: =F2&IF(C2<10,"-1-9",IF(C2<50,"-10-49","-50-9999")) -> Gold-1-9
A3: 1002 | B3: 102 | C3: 20 | D3: =_xlfn.XLOOKUP(A3,Orders!$A$2:$A$16,Orders!$B$2:$B$16) -> 2 | E3: =_xlfn.XLOOKUP(D3,Customers!$A$2:$A$11,Customers!$B$2:$B$11,,0) -> Blue Ridge Industrial | F3: =_xlfn.XLOOKUP(D3,Customers!$A$2:$A$11,Customers!$C$2:$C$11) -> Gold | G3: =_xlfn.XLOOKUP(B3,Products!$A$2:$A$11,Products!$B$2:$B$11) -> Industrial Valve Assembly | H3: =_xlfn.XLOOKUP(B3,Products!$A$2:$A$11,Products!$C$2:$C$11) -> 450 | I3: =_xlfn.XLOOKUP(B3,Products!$A$2:$A$11,Products!$D$2:$D$11) -> 270 | J3: =_xlfn.XLOOKUP(N3,PricingRules!$F$2:$F$10,PricingRules!$E$2:$E$10) -> 15 | K3: =_xlfn.XLOOKUP(B3,Products!$A$2:$A$11,Products!$C$2:$C$11) -> 450 | L3: =_xlfn.XLOOKUP(B3,Products!$A$2:$A$11,Products!$D$2:$D$11) -> 270 | M3: =IF(J3>20,"Need-Approval","Auto-Approved") -> Auto-Approved | N3: =F3&IF(C3<10,"-1-9",IF(C3<50,"-10-49","-50-9999")) -> Gold-10-49
A4: 1003 | B4: 103 | C4: 7 | D4: =_xlfn.XLOOKUP(A4,Orders!$A$2:$A$16,Orders!$B$2:$B$16) -> 5 | E4: =_xlfn.XLOOKUP(D4,Customers!$A$2:$A$11,Customers!$B$2:$B$11,,0) -> Riverside Hardware Ltd | F4: =_xlfn.XLOOKUP(D4,Customers!$A$2:$A$11,Customers!$C$2:$C$11) -> Silver | G4: =_xlfn.XLOOKUP(B4,Products!$A$2:$A$11,Products!$B$2:$B$11) -> Steel Bearing Set | H4: =_xlfn.XLOOKUP(B4,Products!$A$2:$A$11,Products!$C$2:$C$11) -> 85 | I4: =_xlfn.XLOOKUP(B4,Products!$A$2:$A$11,Products!$D$2:$D$11) -> 48 | J4: =_xlfn.XLOOKUP(N4,PricingRules!$F$2:$F$10,PricingRules!$E$2:$E$10) -> 0 | K4: =_xlfn.XLOOKUP(B4,Products!$A$2:$A$11,Products!$C$2:$C$11) -> 85 | L4: =_xlfn.XLOOKUP(B4,Products!$A$2:$A$11,Products!$D$2:$D$11) -> 48 | M4: =IF(J4>20,"Need-Approval","Auto-Approved") -> Auto-Approved | N4: =F4&IF(C4<10,"-1-9",IF(C4<50,"-10-49","-50-9999")) -> Silver-1-9
A5: 1004 | B5: 104 | C5: 15 | D5: =_xlfn.XLOOKUP(A5,Orders!$A$2:$A$16,Orders!$B$2:$B$16) -> 8 | E5: =_xlfn.XLOOKUP(D5,Customers!$A$2:$A$11,Customers!$B$2:$B$11,,0) -> Daybreak Tools Inc | F5: =_xlfn.XLOOKUP(D5,Customers!$A$2:$A$11,Customers!$C$2:$C$11) -> Bronze | G5: =_xlfn.XLOOKUP(B5,Products!$A$2:$A$11,Products!$B$2:$B$11) -> Conveyor Belt Motor | H5: =_xlfn.XLOOKUP(B5,Products!$A$2:$A$11,Products!$C$2:$C$11) -> 980 | I5: =_xlfn.XLOOKUP(B5,Products!$A$2:$A$11,Products!$D$2:$D$11) -> 610 | J5: =_xlfn.XLOOKUP(N5,PricingRules!$F$2:$F$10,PricingRules!$E$2:$E$10) -> 5 | K5: =_xlfn.XLOOKUP(B5,Products!$A$2:$A$11,Products!$C$2:$C$11) -> 980 | L5: =_xlfn.XLOOKUP(B5,Products!$A$2:$A$11,Products!$D$2:$D$11) -> 610 | M5: =IF(J5>20,"Need-Approval","Auto-Approved") -> Auto-Approved | N5: =F5&IF(C5<10,"-1-9",IF(C5<50,"-10-49","-50-9999")) -> Bronze-10-49
A6: 1005 | B6: 105 | C6: 10 | D6: =_xlfn.XLOOKUP(A6,Orders!$A$2:$A$16,Orders!$B$2:$B$16) -> 1 | E6: =_xlfn.XLOOKUP(D6,Customers!$A$2:$A$11,Customers!$B$2:$B$11,,0) -> Apex Manufacturing Co | F6: =_xlfn.XLOOKUP(D6,Customers!$A$2:$A$11,Customers!$C$2:$C$11) -> Gold | G6: =_xlfn.XLOOKUP(B6,Products!$A$2:$A$11,Products!$B$2:$B$11) -> Pressure Sensor Module | H6: =_xlfn.XLOOKUP(B6,Products!$A$2:$A$11,Products!$C$2:$C$11) -> 210 | I6: =_xlfn.XLOOKUP(B6,Products!$A$2:$A$11,Products!$D$2:$D$11) -> 115 | J6: =_xlfn.XLOOKUP(N6,PricingRules!$F$2:$F$10,PricingRules!$E$2:$E$10) -> 15 | K6: =_xlfn.XLOOKUP(B6,Products!$A$2:$A$11,Products!$C$2:$C$11) -> 210 | L6: =_xlfn.XLOOKUP(B6,Products!$A$2:$A$11,Products!$D$2:$D$11) -> 115 | M6: =IF(J6>20,"Need-Approval","Auto-Approved") -> Auto-Approved | N6: =F6&IF(C6<10,"-1-9",IF(C6<50,"-10-49","-50-9999")) -> Gold-10-49
A7: 1006 | B7: 106 | C7: 49 | D7: =_xlfn.XLOOKUP(A7,Orders!$A$2:$A$16,Orders!$B$2:$B$16) -> 6 | E7: =_xlfn.XLOOKUP(D7,Customers!$A$2:$A$11,Customers!$B$2:$B$11,,0) -> Coastal Supply Partners | F7: =_xlfn.XLOOKUP(D7,Customers!$A$2:$A$11,Customers!$C$2:$C$11) -> Silver | G7: =_xlfn.XLOOKUP(B7,Products!$A$2:$A$11,Products!$B$2:$B$11) -> Safety Relay Switch | H7: =_xlfn.XLOOKUP(B7,Products!$A$2:$A$11,Products!$C$2:$C$11) -> 65 | I7: =_xlfn.XLOOKUP(B7,Products!$A$2:$A$11,Products!$D$2:$D$11) -> 34 | J7: =_xlfn.XLOOKUP(N7,PricingRules!$F$2:$F$10,PricingRules!$E$2:$E$10) -> 10 | K7: =_xlfn.XLOOKUP(B7,Products!$A$2:$A$11,Products!$C$2:$C$11) -> 65 | L7: =_xlfn.XLOOKUP(B7,Products!$A$2:$A$11,Products!$D$2:$D$11) -> 34 | M7: =IF(J7>20,"Need-Approval","Auto-Approved") -> Auto-Approved | N7: =F7&IF(C7<10,"-1-9",IF(C7<50,"-10-49","-50-9999")) -> Silver-10-49
A8: 1007 | B8: 107 | C8: 30 | D8: =_xlfn.XLOOKUP(A8,Orders!$A$2:$A$16,Orders!$B$2:$B$16) -> 9 | E8: =_xlfn.XLOOKUP(D8,Customers!$A$2:$A$11,Customers!$B$2:$B$11,,0) -> Garrison Components | F8: =_xlfn.XLOOKUP(D8,Customers!$A$2:$A$11,Customers!$C$2:$C$11) -> Bronze | G8: =_xlfn.XLOOKUP(B8,Products!$A$2:$A$11,Products!$B$2:$B$11) -> Heavy-Duty Gearbox | H8: =_xlfn.XLOOKUP(B8,Products!$A$2:$A$11,Products!$C$2:$C$11) -> 1550 | I8: =_xlfn.XLOOKUP(B8,Products!$A$2:$A$11,Products!$D$2:$D$11) -> 990 | J8: =_xlfn.XLOOKUP(N8,PricingRules!$F$2:$F$10,PricingRules!$E$2:$E$10) -> 5 | K8: =_xlfn.XLOOKUP(B8,Products!$A$2:$A$11,Products!$C$2:$C$11) -> 1550 | L8: =_xlfn.XLOOKUP(B8,Products!$A$2:$A$11,Products!$D$2:$D$11) -> 990 | M8: =IF(J8>20,"Need-Approval","Auto-Approved") -> Auto-Approved | N8: =F8&IF(C8<10,"-1-9",IF(C8<50,"-10-49","-50-9999")) -> Bronze-10-49
A9: 1008 | B9: 101 | C9: 60 | D9: =_xlfn.XLOOKUP(A9,Orders!$A$2:$A$16,Orders!$B$2:$B$16) -> 3 | E9: =_xlfn.XLOOKUP(D9,Customers!$A$2:$A$11,Customers!$B$2:$B$11,,0) -> Summit Logistics Group | F9: =_xlfn.XLOOKUP(D9,Customers!$A$2:$A$11,Customers!$C$2:$C$11) -> Gold | G9: =_xlfn.XLOOKUP(B9,Products!$A$2:$A$11,Products!$B$2:$B$11) -> Hydraulic Pump Unit | H9: =_xlfn.XLOOKUP(B9,Products!$A$2:$A$11,Products!$C$2:$C$11) -> 1200 | I9: =_xlfn.XLOOKUP(B9,Products!$A$2:$A$11,Products!$D$2:$D$11) -> 720 | J9: =_xlfn.XLOOKUP(N9,PricingRules!$F$2:$F$10,PricingRules!$E$2:$E$10) -> 25 | K9: =_xlfn.XLOOKUP(B9,Products!$A$2:$A$11,Products!$C$2:$C$11) -> 1200 | L9: =_xlfn.XLOOKUP(B9,Products!$A$2:$A$11,Products!$D$2:$D$11) -> 720 | M9: =IF(J9>20,"Need-Approval","Auto-Approved") -> Need-Approval | N9: =F9&IF(C9<10,"-1-9",IF(C9<50,"-10-49","-50-9999")) -> Gold-50-9999
A10: 1009 | B10: 104 | C10: 55 | D10: =_xlfn.XLOOKUP(A10,Orders!$A$2:$A$16,Orders!$B$2:$B$16) -> 7 | E10: =_xlfn.XLOOKUP(D10,Customers!$A$2:$A$11,Customers!$B$2:$B$11,,0) -> Midwest Fabricators | F10: =_xlfn.XLOOKUP(D10,Customers!$A$2:$A$11,Customers!$C$2:$C$11) -> Silver | G10: =_xlfn.XLOOKUP(B10,Products!$A$2:$A$11,Products!$B$2:$B$11) -> Conveyor Belt Motor | H10: =_xlfn.XLOOKUP(B10,Products!$A$2:$A$11,Products!$C$2:$C$11) -> 980 | I10: =_xlfn.XLOOKUP(B10,Products!$A$2:$A$11,Products!$D$2:$D$11) -> 610 | J10: =_xlfn.XLOOKUP(N10,PricingRules!$F$2:$F$10,PricingRules!$E$2:$E$10) -> 18 | K10: =_xlfn.XLOOKUP(B10,Products!$A$2:$A$11,Products!$C$2:$C$11) -> 980 | L10: =_xlfn.XLOOKUP(B10,Products!$A$2:$A$11,Products!$D$2:$D$11) -> 610 | M10: =IF(J10>20,"Need-Approval","Auto-Approved") -> Auto-Approved | N10: =F10&IF(C10<10,"-1-9",IF(C10<50,"-10-49","-50-9999")) -> Silver-50-9999
A11: 1010 | B11: 108 | C11: 3 | D11: =_xlfn.XLOOKUP(A11,Orders!$A$2:$A$16,Orders!$B$2:$B$16) -> 10 | E11: =_xlfn.XLOOKUP(D11,Customers!$A$2:$A$11,Customers!$B$2:$B$11,,0) -> Trailhead Equipment Co | F11: =_xlfn.XLOOKUP(D11,Customers!$A$2:$A$11,Customers!$C$2:$C$11) -> Bronze | G11: =_xlfn.XLOOKUP(B11,Products!$A$2:$A$11,Products!$B$2:$B$11) -> Control Panel Enclosure | H11: =_xlfn.XLOOKUP(B11,Products!$A$2:$A$11,Products!$C$2:$C$11) -> 320 | I11: =_xlfn.XLOOKUP(B11,Products!$A$2:$A$11,Products!$D$2:$D$11) -> 175 | J11: =_xlfn.XLOOKUP(N11,PricingRules!$F$2:$F$10,PricingRules!$E$2:$E$10) -> 0 | K11: =_xlfn.XLOOKUP(B11,Products!$A$2:$A$11,Products!$C$2:$C$11) -> 320 | L11: =_xlfn.XLOOKUP(B11,Products!$A$2:$A$11,Products!$D$2:$D$11) -> 175 | M11: =IF(J11>20,"Need-Approval","Auto-Approved") -> Auto-Approved | N11: =F11&IF(C11<10,"-1-9",IF(C11<50,"-10-49","-50-9999")) -> Bronze-1-9
A12: 1011 | B12: 101 | C12: 4 | D12: =_xlfn.XLOOKUP(A12,Orders!$A$2:$A$16,Orders!$B$2:$B$16) -> 4 | E12: =_xlfn.XLOOKUP(D12,Customers!$A$2:$A$11,Customers!$B$2:$B$11,,0) -> Northgate Equipment | F12: =_xlfn.XLOOKUP(D12,Customers!$A$2:$A$11,Customers!$C$2:$C$11) -> Gold | G12: =_xlfn.XLOOKUP(B12,Products!$A$2:$A$11,Products!$B$2:$B$11) -> Hydraulic Pump Unit | H12: =_xlfn.XLOOKUP(B12,Products!$A$2:$A$11,Products!$C$2:$C$11) -> 1200 | I12: =_xlfn.XLOOKUP(B12,Products!$A$2:$A$11,Products!$D$2:$D$11) -> 720 | J12: =_xlfn.XLOOKUP(N12,PricingRules!$F$2:$F$10,PricingRules!$E$2:$E$10) -> 5 | K12: =_xlfn.XLOOKUP(B12,Products!$A$2:$A$11,Products!$C$2:$C$11) -> 1200 | L12: =_xlfn.XLOOKUP(B12,Products!$A$2:$A$11,Products!$D$2:$D$11) -> 720 | M12: =IF(J12>20,"Need-Approval","Auto-Approved") -> Auto-Approved | N12: =F12&IF(C12<10,"-1-9",IF(C12<50,"-10-49","-50-9999")) -> Gold-1-9
A13: 1011 | B13: 102 | C13: 25 | D13: =_xlfn.XLOOKUP(A13,Orders!$A$2:$A$16,Orders!$B$2:$B$16) -> 4 | E13: =_xlfn.XLOOKUP(D13,Customers!$A$2:$A$11,Customers!$B$2:$B$11,,0) -> Northgate Equipment | F13: =_xlfn.XLOOKUP(D13,Customers!$A$2:$A$11,Customers!$C$2:$C$11) -> Gold | G13: =_xlfn.XLOOKUP(B13,Products!$A$2:$A$11,Products!$B$2:$B$11) -> Industrial Valve Assembly | H13: =_xlfn.XLOOKUP(B13,Products!$A$2:$A$11,Products!$C$2:$C$11) -> 450 | I13: =_xlfn.XLOOKUP(B13,Products!$A$2:$A$11,Products!$D$2:$D$11) -> 270 | J13: =_xlfn.XLOOKUP(N13,PricingRules!$F$2:$F$10,PricingRules!$E$2:$E$10) -> 15 | K13: =_xlfn.XLOOKUP(B13,Products!$A$2:$A$11,Products!$C$2:$C$11) -> 450 | L13: =_xlfn.XLOOKUP(B13,Products!$A$2:$A$11,Products!$D$2:$D$11) -> 270 | M13: =IF(J13>20,"Need-Approval","Auto-Approved") -> Auto-Approved | N13: =F13&IF(C13<10,"-1-9",IF(C13<50,"-10-49","-50-9999")) -> Gold-10-49
... A20: 1015 | B20: 108 | C20: 6 | D20: =_xlfn.XLOOKUP(A20,Orders!$A$2:$A$16,Orders!$B$2:$B$16) -> 3 | E20: =_xlfn.XLOOKUP(D20,Customers!$A$2:$A$11,Customers!$B$2:$B$11,,0) -> Summit Logistics Group | F20: =_xlfn.XLOOKUP(D20,Customers!$A$2:$A$11,Customers!$C$2:$C$11) -> Gold | G20: =_xlfn.XLOOKUP(B20,Products!$A$2:$A$11,Products!$B$2:$B$11) -> Control Panel Enclosure | H20: =_xlfn.XLOOKUP(B20,Products!$A$2:$A$11,Products!$C$2:$C$11) -> 320 | I20: =_xlfn.XLOOKUP(B20,Products!$A$2:$A$11,Products!$D$2:$D$11) -> 175 | J20: =_xlfn.XLOOKUP(N20,PricingRules!$F$2:$F$10,PricingRules!$E$2:$E$10) -> 5 | K20: =_xlfn.XLOOKUP(B20,Products!$A$2:$A$11,Products!$C$2:$C$11) -> 320 | L20: =_xlfn.XLOOKUP(B20,Products!$A$2:$A$11,Products!$D$2:$D$11) -> 175 | M20: =IF(J20>20,"Need-Approval","Auto-Approved") -> Auto-Approved | N20: =F20&IF(C20<10,"-1-9",IF(C20<50,"-10-49","-50-9999")) -> Gold-1-9
