Workbook

Sheet Customers
A1: CustomerID | B1: CustomerName | C1: Tier
A2: 1 | B2: Apex Manufacturing Co | C2: Gold
A3: 2 | B3: Blue Ridge Industrial | C3: Gold
A4: 3 | B4: Summit Logistics Group | C4: Gold
A5: 4 | B5: Northgate Equipment | C5: Gold
A6: 5 | B6: Riverside Hardware Ltd | C6: Silver
A7: 6 | B7: Coastal Supply Partners | C7: Silver
A8: 7 | B8: Midwest Fabricators | C8: Silver
A9: 8 | B9: Daybreak Tools Inc | C9: Bronze
A10: 9 | B10: Garrison Components | C10: Bronze
A11: 10 | B11: Trailhead Equipment Co | C11: Bronze

Sheet Products
A1: ProductID | B1: ProductName | C1: ListPrice | D1: Cost
A2: 101 | B2: Hydraulic Pump Unit | C2: 1200 | D2: 720
A3: 102 | B3: Industrial Valve Assembly | C3: 450 | D3: 270
A4: 103 | B4: Steel Bearing Set | C4: 85 | D4: 48
A5: 104 | B5: Conveyor Belt Motor | C5: 980 | D5: 610
A6: 105 | B6: Pressure Sensor Module | C6: 210 | D6: 115
A7: 106 | B7: Safety Relay Switch | C7: 65 | D7: 34
A8: 107 | B8: Heavy-Duty Gearbox | C8: 1550 | D8: 990
A9: 108 | B9: Control Panel Enclosure | C9: 320 | D9: 175
A10: 109 | B10: Pneumatic Cylinder | C10: 275 | D10: 150
A11: 110 | B11: Lubrication Dispenser Kit | C11: 140 | D11: 78

Sheet PricingRules
A1: RuleID | B1: Tier | C1: MinQty | D1: MaxQty | E1: LookupKey | F1: DiscountPercent
A2: 1 | B2: Gold | C2: 1 | D2: 9 | E2: Gold-1-9 | F2: 5
A3: 2 | B3: Gold | C3: 10 | D3: 49 | E3: Gold-10-49 | F3: 15
A4: 3 | B4: Gold | C4: 50 | D4: 9999 | E4: Gold-50-9999 | F4: 25
A5: 4 | B5: Silver | C5: 1 | D5: 9 | E5: Silver-1-9 | F5: 0
A6: 5 | B6: Silver | C6: 10 | D6: 49 | E6: Silver-10-49 | F6: 10
A7: 6 | B7: Silver | C7: 50 | D7: 9999 | E7: Silver-50-9999 | F7: 18
A8: 7 | B8: Bronze | C8: 1 | D8: 9 | E8: Bronze-1-9 | F8: 0
A9: 8 | B9: Bronze | C9: 10 | D9: 49 | E9: Bronze-10-49 | F9: 5
A10: 9 | B10: Bronze | C10: 50 | D10: 9999 | E10: Bronze-50-9999 | F10: 10

Sheet Orders
A1: OrderID | B1: CustomerID | C1: OrderDate
A2: 1001 | B2: 1 | C2: 2026-01-05
A3: 1002 | B3: 2 | C3: 2026-01-08
A4: 1003 | B4: 5 | C4: 2026-01-10
A5: 1004 | B5: 8 | C5: 2026-01-12
A6: 1005 | B6: 1 | C6: 2026-01-15
A7: 1006 | B7: 6 | C7: 2026-01-18
A8: 1007 | B8: 9 | C8: 2026-01-20
A9: 1008 | B9: 3 | C9: 2026-01-22
A10: 1009 | B10: 7 | C10: 2026-01-25
A11: 1010 | B11: 10 | C11: 2026-01-28
A12: 1011 | B12: 4 | C12: 2026-02-02
A13: 1012 | B13: 2 | C13: 2026-02-05
... A16: 1015 | B16: 3 | C16: 2026-02-14

Sheet OrderLines
A1: OrderID | B1: ProductID | C1: Quantity
A2: 1001 | B2: 101 | C2: 5
A3: 1002 | B3: 102 | C3: 20
A4: 1003 | B4: 103 | C4: 7
A5: 1004 | B5: 104 | C5: 15
A6: 1005 | B6: 105 | C6: 10
A7: 1006 | B7: 106 | C7: 49
A8: 1007 | B8: 107 | C8: 30
A9: 1008 | B9: 101 | C9: 60
A10: 1009 | B10: 104 | C10: 55
A11: 1010 | B11: 108 | C11: 3
A12: 1011 | B12: 101 | C12: 4
A13: 1011 | B13: 102 | C13: 25
... A20: 1015 | B20: 108 | C20: 6

Sheet Calculations
A1: OrderID | B1: ProductID | C1: Quantity | D1: CustomerID | E1: CustomerName | F1: Tier | G1: ProductName | H1: ListPrice | I1: Cost | J1: DiscountPercent | K1: NetPrice | L1: Margin | M1: ApprovalFlag | N1: lookupkey
A2: 1001 | B2: 101 | C2: 5 | D2: =VLOOKUP(A2,Orders!$A$2:$C$16,2,FALSE) -> 1 | E2: =VLOOKUP(D2,Customers!$A$1:$C$11,2,FALSE) -> Apex Manufacturing Co | F2: =VLOOKUP(D2,Customers!$A$2:$C$11,3,FALSE) -> Gold | G2: =VLOOKUP(B2,Products!$A$2:$D$11,2,FALSE) -> Hydraulic Pump Unit | H2: =VLOOKUP(B2,Products!$A$2:$D$11,3,FALSE) -> 1200 | I2: =VLOOKUP(B2,Products!$A$2:$D$11,4,FALSE) -> 720 | J2: =VLOOKUP(N2,PricingRules!$E$2:$F$10,2,FALSE) -> 5 | K2: =H2*C2-(H2*C2*(J2/100)) -> 5700 | L2: =H2*C2-(H2*C2*(J2/100))-(C2*I2) -> 2100 | M2: =IF(J2>20,"Need-Approval","Auto-Approved") -> Auto-Approved | N2: Gold-1-9
A3: 1002 | B3: 102 | C3: 20 | D3: =VLOOKUP(A3,Orders!$A$2:$C$16,2,FALSE) -> 2 | E3: =VLOOKUP(D3,Customers!$A$1:$C$11,2,FALSE) -> Blue Ridge Industrial | F3: =VLOOKUP(D3,Customers!$A$2:$C$11,3,FALSE) -> Gold | G3: =VLOOKUP(B3,Products!$A$2:$D$11,2,FALSE) -> Industrial Valve Assembly | H3: =VLOOKUP(B3,Products!$A$2:$D$11,3,FALSE) -> 450 | I3: =VLOOKUP(B3,Products!$A$2:$D$11,4,FALSE) -> 270 | J3: =VLOOKUP(N3,PricingRules!$E$2:$F$10,2,FALSE) -> 15 | K3: =H3*C3-(H3*C3*(J3/100)) -> 7650 | L3: =H3*C3-(H3*C3*(J3/100))-(C3*I3) -> 2250 | M3: =IF(J3>20,"Need-Approval","Auto-Approved") -> Auto-Approved | N3: Gold-10-49
A4: 1003 | B4: 103 | C4: 7 | D4: =VLOOKUP(A4,Orders!$A$2:$C$16,2,FALSE) -> 5 | E4: =VLOOKUP(D4,Customers!$A$1:$C$11,2,FALSE) -> Riverside Hardware Ltd | F4: =VLOOKUP(D4,Customers!$A$2:$C$11,3,FALSE) -> Silver | G4: =VLOOKUP(B4,Products!$A$2:$D$11,2,FALSE) -> Steel Bearing Set | H4: =VLOOKUP(B4,Products!$A$2:$D$11,3,FALSE) -> 85 | I4: =VLOOKUP(B4,Products!$A$2:$D$11,4,FALSE) -> 48 | J4: =VLOOKUP(N4,PricingRules!$E$2:$F$10,2,FALSE) -> 0 | K4: =H4*C4-(H4*C4*(J4/100)) -> 595 | L4: =H4*C4-(H4*C4*(J4/100))-(C4*I4) -> 259 | M4: =IF(J4>20,"Need-Approval","Auto-Approved") -> Auto-Approved | N4: Silver-1-9
A5: 1004 | B5: 104 | C5: 15 | D5: =VLOOKUP(A5,Orders!$A$2:$C$16,2,FALSE) -> 8 | E5: =VLOOKUP(D5,Customers!$A$1:$C$11,2,FALSE) -> Daybreak Tools Inc | F5: =VLOOKUP(D5,Customers!$A$2:$C$11,3,FALSE) -> Bronze | G5: =VLOOKUP(B5,Products!$A$2:$D$11,2,FALSE) -> Conveyor Belt Motor | H5: =VLOOKUP(B5,Products!$A$2:$D$11,3,FALSE) -> 980 | I5: =VLOOKUP(B5,Products!$A$2:$D$11,4,FALSE) -> 610 | J5: =VLOOKUP(N5,PricingRules!$E$2:$F$10,2,FALSE) -> 5 | K5: =H5*C5-(H5*C5*(J5/100)) -> 13965 | L5: =H5*C5-(H5*C5*(J5/100))-(C5*I5) -> 4815 | M5: =IF(J5>20,"Need-Approval","Auto-Approved") -> Auto-Approved | N5: Bronze-10-49
A6: 1005 | B6: 105 | C6: 10 | D6: =VLOOKUP(A6,Orders!$A$2:$C$16,2,FALSE) -> 1 | E6: =VLOOKUP(D6,Customers!$A$1:$C$11,2,FALSE) -> Apex Manufacturing Co | F6: =VLOOKUP(D6,Customers!$A$2:$C$11,3,FALSE) -> Gold | G6: =VLOOKUP(B6,Products!$A$2:$D$11,2,FALSE) -> Pressure Sensor Module | H6: =VLOOKUP(B6,Products!$A$2:$D$11,3,FALSE) -> 210 | I6: =VLOOKUP(B6,Products!$A$2:$D$11,4,FALSE) -> 115 | J6: =VLOOKUP(N6,PricingRules!$E$2:$F$10,2,FALSE) -> 15 | K6: =H6*C6-(H6*C6*(J6/100)) -> 1785 | L6: =H6*C6-(H6*C6*(J6/100))-(C6*I6) -> 635 | M6: =IF(J6>20,"Need-Approval","Auto-Approved") -> Auto-Approved | N6: Gold-10-49
A7: 1006 | B7: 106 | C7: 49 | D7: =VLOOKUP(A7,Orders!$A$2:$C$16,2,FALSE) -> 6 | E7: =VLOOKUP(D7,Customers!$A$1:$C$11,2,FALSE) -> Coastal Supply Partners | F7: =VLOOKUP(D7,Customers!$A$2:$C$11,3,FALSE) -> Silver | G7: =VLOOKUP(B7,Products!$A$2:$D$11,2,FALSE) -> Safety Relay Switch | H7: =VLOOKUP(B7,Products!$A$2:$D$11,3,FALSE) -> 65 | I7: =VLOOKUP(B7,Products!$A$2:$D$11,4,FALSE) -> 34 | J7: =VLOOKUP(N7,PricingRules!$E$2:$F$10,2,FALSE) -> 10 | K7: =H7*C7-(H7*C7*(J7/100)) -> 2866.5 | L7: =H7*C7-(H7*C7*(J7/100))-(C7*I7) -> 1200.5 | M7: =IF(J7>20,"Need-Approval","Auto-Approved") -> Auto-Approved | N7: Silver-10-49
A8: 1007 | B8: 107 | C8: 30 | D8: =VLOOKUP(A8,Orders!$A$2:$C$16,2,FALSE) -> 9 | E8: =VLOOKUP(D8,Customers!$A$1:$C$11,2,FALSE) -> Garrison Components | F8: =VLOOKUP(D8,Customers!$A$2:$C$11,3,FALSE) -> Bronze | G8: =VLOOKUP(B8,Products!$A$2:$D$11,2,FALSE) -> Heavy-Duty Gearbox | H8: =VLOOKUP(B8,Products!$A$2:$D$11,3,FALSE) -> 1550 | I8: =VLOOKUP(B8,Products!$A$2:$D$11,4,FALSE) -> 990 | J8: =VLOOKUP(N8,PricingRules!$E$2:$F$10,2,FALSE) -> 5 | K8: =H8*C8-(H8*C8*(J8/100)) -> 44175 | L8: =H8*C8-(H8*C8*(J8/100))-(C8*I8) -> 14475 | M8: =IF(J8>20,"Need-Approval","Auto-Approved") -> Auto-Approved | N8: Bronze-10-49
A9: 1008 | B9: 101 | C9: 60 | D9: =VLOOKUP(A9,Orders!$A$2:$C$16,2,FALSE) -> 3 | E9: =VLOOKUP(D9,Customers!$A$1:$C$11,2,FALSE) -> Summit Logistics Group | F9: =VLOOKUP(D9,Customers!$A$2:$C$11,3,FALSE) -> Gold | G9: =VLOOKUP(B9,Products!$A$2:$D$11,2,FALSE) -> Hydraulic Pump Unit | H9: =VLOOKUP(B9,Products!$A$2:$D$11,3,FALSE) -> 1200 | I9: =VLOOKUP(B9,Products!$A$2:$D$11,4,FALSE) -> 720 | J9: =VLOOKUP(N9,PricingRules!$E$2:$F$10,2,FALSE) -> 25 | K9: =H9*C9-(H9*C9*(J9/100)) -> 54000 | L9: =H9*C9-(H9*C9*(J9/100))-(C9*I9) -> 10800 | M9: =IF(J9>20,"Need-Approval","Auto-Approved") -> Need-Approval | N9: Gold-50-9999
A10: 1009 | B10: 104 | C10: 55 | D10: =VLOOKUP(A10,Orders!$A$2:$C$16,2,FALSE) -> 7 | E10: =VLOOKUP(D10,Customers!$A$1:$C$11,2,FALSE) -> Midwest Fabricators | F10: =VLOOKUP(D10,Customers!$A$2:$C$11,3,FALSE) -> Silver | G10: =VLOOKUP(B10,Products!$A$2:$D$11,2,FALSE) -> Conveyor Belt Motor | H10: =VLOOKUP(B10,Products!$A$2:$D$11,3,FALSE) -> 980 | I10: =VLOOKUP(B10,Products!$A$2:$D$11,4,FALSE) -> 610 | J10: =VLOOKUP(N10,PricingRules!$E$2:$F$10,2,FALSE) -> 18 | K10: =H10*C10-(H10*C10*(J10/100)) -> 44198 | L10: =H10*C10-(H10*C10*(J10/100))-(C10*I10) -> 10648 | M10: =IF(J10>20,"Need-Approval","Auto-Approved") -> Auto-Approved | N10: Silver-50-9999
A11: 1010 | B11: 108 | C11: 3 | D11: =VLOOKUP(A11,Orders!$A$2:$C$16,2,FALSE) -> 10 | E11: =VLOOKUP(D11,Customers!$A$1:$C$11,2,FALSE) -> Trailhead Equipment Co | F11: =VLOOKUP(D11,Customers!$A$2:$C$11,3,FALSE) -> Bronze | G11: =VLOOKUP(B11,Products!$A$2:$D$11,2,FALSE) -> Control Panel Enclosure | H11: =VLOOKUP(B11,Products!$A$2:$D$11,3,FALSE) -> 320 | I11: =VLOOKUP(B11,Products!$A$2:$D$11,4,FALSE) -> 175 | J11: =VLOOKUP(N11,PricingRules!$E$2:$F$10,2,FALSE) -> 0 | K11: =H11*C11-(H11*C11*(J11/100)) -> 960 | L11: =H11*C11-(H11*C11*(J11/100))-(C11*I11) -> 435 | M11: =IF(J11>20,"Need-Approval","Auto-Approved") -> Auto-Approved | N11: Bronze-1-9
A12: 1011 | B12: 101 | C12: 4 | D12: =VLOOKUP(A12,Orders!$A$2:$C$16,2,FALSE) -> 4 | E12: =VLOOKUP(D12,Customers!$A$1:$C$11,2,FALSE) -> Northgate Equipment | F12: =VLOOKUP(D12,Customers!$A$2:$C$11,3,FALSE) -> Gold | G12: =VLOOKUP(B12,Products!$A$2:$D$11,2,FALSE) -> Hydraulic Pump Unit | H12: =VLOOKUP(B12,Products!$A$2:$D$11,3,FALSE) -> 1200 | I12: =VLOOKUP(B12,Products!$A$2:$D$11,4,FALSE) -> 720 | J12: =VLOOKUP(N12,PricingRules!$E$2:$F$10,2,FALSE) -> 5 | K12: =H12*C12-(H12*C12*(J12/100)) -> 4560 | L12: =H12*C12-(H12*C12*(J12/100))-(C12*I12) -> 1680 | M12: =IF(J12>20,"Need-Approval","Auto-Approved") -> Auto-Approved | N12: Gold-1-9
A13: 1011 | B13: 102 | C13: 25 | D13: =VLOOKUP(A13,Orders!$A$2:$C$16,2,FALSE) -> 4 | E13: =VLOOKUP(D13,Customers!$A$1:$C$11,2,FALSE) -> Northgate Equipment | F13: =VLOOKUP(D13,Customers!$A$2:$C$11,3,FALSE) -> Gold | G13: =VLOOKUP(B13,Products!$A$2:$D$11,2,FALSE) -> Industrial Valve Assembly | H13: =VLOOKUP(B13,Products!$A$2:$D$11,3,FALSE) -> 450 | I13: =VLOOKUP(B13,Products!$A$2:$D$11,4,FALSE) -> 270 | J13: =VLOOKUP(N13,PricingRules!$E$2:$F$10,2,FALSE) -> 15 | K13: =H13*C13-(H13*C13*(J13/100)) -> 9562.5 | L13: =H13*C13-(H13*C13*(J13/100))-(C13*I13) -> 2812.5 | M13: =IF(J13>20,"Need-Approval","Auto-Approved") -> Auto-Approved | N13: Gold-10-49
... A20: 1015 | B20: 108 | C20: 6 | D20: =VLOOKUP(A20,Orders!$A$2:$C$16,2,FALSE) -> 3 | E20: =VLOOKUP(D20,Customers!$A$1:$C$11,2,FALSE) -> Summit Logistics Group | F20: =VLOOKUP(D20,Customers!$A$2:$C$11,3,FALSE) -> Gold | G20: =VLOOKUP(B20,Products!$A$2:$D$11,2,FALSE) -> Control Panel Enclosure | H20: =VLOOKUP(B20,Products!$A$2:$D$11,3,FALSE) -> 320 | I20: =VLOOKUP(B20,Products!$A$2:$D$11,4,FALSE) -> 175 | J20: =VLOOKUP(N20,PricingRules!$E$2:$F$10,2,FALSE) -> 5 | K20: =H20*C20-(H20*C20*(J20/100)) -> 1824 | L20: =H20*C20-(H20*C20*(J20/100))-(C20*I20) -> 774 | M20: =IF(J20>20,"Need-Approval","Auto-Approved") -> Auto-Approved | N20: Gold-1-9
